
insert into client values
(99, 'Mason', 'Daisy', 'daisy@kitchen.com'),
(100, 'Crawley', 'Violet', 'dowager@dower-house.org'),
(88, 'Branson', 'Tom', 'branson@gmail.com');


insert into driver values
(12345, 'Snow', 'Jon', 'January 1, 1990', 'The Wall', 'BGSW 420', false),
(22222, 'Tyrion', 'Lannister', 'January 1, 1990', 'Kings Landing', 'ABCD 123', false),
(66666, 'Dog', 'Man', 'January 1, 1990', 'Queen Drive', 'DFAS 123', true),
(88888, 'Pig', 'Alien', 'January 1, 1990', 'PPP Landing', 'DFAD 789', true);


insert into available values
(12345, '2016-01-08 04:05', '(4, 2)'),
(22222, '2016-01-08 04:05', '(3, 2)'),
(66666, '2016-01-08 04:05', '(2, 2)');


-- Locations are specified as longitude and latitude (in that order), in degrees.
insert into place values
('highclere castle', '(1.361, 51.3267)'),
('dower house', '(-0.4632, 51.3552)'),
('eaton centre', '(79.3803,43.654)'),
('cn tower', '(100,100)'),
('north york civic centre', '(79.4146,43.7673)'),
('pearson international airport', '(79.6306,43.6767)'),
('utsc', '(79.1856,43.7836)'),
('chestnut', '(79.4564,43.1545)'),
('uoft', '(79.1231,43.4564)'),
('silvercity', '(79.4521,43.1231)');


insert into request values
(1, 99, '2016-01-08 04:10', 'eaton centre', 'pearson international airport'),
(2, 88, '2016-01-09 06:10', 'cn tower', 'chestnut'),
(3, 100, '2016-01-10 09:12', 'silvercity', 'uoft'),

-- 2013
(7, 100, '2013-05-01 02:00', 'utsc', 'highclere castle'),
(8, 99, '2013-02-02 08:00', 'dower house', 'north york civic centre'),
(9, 99, '2013-05-03 03:12', 'highclere castle', 'dower house'),
(10, 100, '2013-02-08 09:01', 'dower house', 'cn tower'),
(11, 99, '2013-02-09 15:00', 'dower house', 'utsc'),
(12, 100, '2013-02-10 16:10', 'highclere castle', 'dower house'),
(13, 100, '2013-02-15 08:20', 'cn tower', 'highclere castle'),
(14, 99, '2013-02-16 09:12', 'utsc', 'north york civic centre'),
(15, 99, '2013-03-03 10:09', 'highclere castle', 'dower house'),
(16, 100, '2013-04-01 15:06', 'cn tower', 'highclere castle'),
(17, 100, '2013-05-02 10:05', 'cn tower', 'pearson international airport'),
(18, 100, '2013-05-02 12:15', 'highclere castle', 'dower house'),
-- 2014
(19, 99, '2014-01-01 02:10', 'dower house', 'highclere castle'),
(20, 88, '2014-02-02 01:50', 'dower house', 'eaton centre'),
(21, 100, '2014-03-03 06:30', 'eaton centre', 'silvercity'),
(22, 100, '2014-04-01 08:01', 'dower house', 'pearson international airport'),
(23, 100, '2014-05-12 10:01', 'north york civic centre', 'dower house'),
(24, 99, '2014-06-12 15:09', 'eaton centre', 'cn tower'),
(25, 100, '2014-07-01 20:10', 'dower house', 'silvercity'),
(26, 100, '2014-07-02 22:20', 'pearson international airport', 'silvercity'),
(27, 99, '2014-07-03 13:22', 'north york civic centre', 'cn tower'),
(28, 99, '2014-09-11 16:33', 'dower house', 'silvercity'),
(29, 99, '2014-09-22 18:08', 'pearson international airport', 'eaton centre'),
(30, 100, '2014-12-23 20:44', 'silvercity', 'cn tower'),
-- 2015
(31, 100, '2015-01-01 08:16', 'highclere castle', 'pearson international airport'),
(32, 88, '2015-02-11 06:12', 'cn tower', 'chestnut'),
(33, 99, '2015-07-21 04:12', 'utsc','pearson international airport'),
(34, 100, '2015-09-01 08:45', 'utsc','highclere castle'),
(35, 88, '2015-11-01 02:23', 'cn tower', 'chestnut'),
(36, 100, '2015-12-21 04:10', 'silvercity', 'north york civic centre'),
(37, 100, '2015-12-25 15:10', 'cn tower', 'silvercity');



insert into dispatch values





(7, 88888, '(5, 5)','2013-05-01 02:01'),
(8, 22222, '(5, 5)','2013-02-02 08:01'),
(9, 88888, '(5, 5)','2013-05-03 03:13'),
(10, 12345, '(1, 4)','2013-02-08 09:05'),
(11, 12345, '(1, 4)','2013-02-09 15:06'),
(12, 22222, '(5, 5)','2013-02-10 16:12'),
(13, 22222, '(5, 5)','2013-02-15 08:22'),
(14, 12345, '(5, 1)','2013-02-16 09:14'),
(15, 22222, '(5, 5)','2013-03-03 10:10'),
(16, 22222, '(5, 5)','2013-04-01 15:09'),
(17, 88888, '(5, 1)','2013-05-02 10:06'),
(18, 88888, '(5, 1)','2013-05-02 12:27'),
(19, 12345, '(5, 5)','2014-01-01 02:19'),
(20, 88888, '(5, 5)','2014-02-02 01:51'),
(21, 12345, '(5, 5)','2014-03-03 06:33'),
(22, 22222, '(1, 4)','2014-04-01 08:05'),
(23, 66666, '(1, 4)','2014-05-12 10:06'),
(24, 12345, '(5, 4)','2014-06-12 15:10'),
(25, 88888, '(5, 4)','2014-07-01 20:12'),
(26, 12345, '(5, 4)','2014-07-02 22:22'),
(27, 66666, '(5, 5)','2014-07-03 13:26'),
(28, 12345, '(5, 5)','2014-09-11 16:36'),
(29, 66666, '(5, 5)','2014-09-22 18:09'),
(30, 22222, '(5, 5)','2014-12-23 20:46'),
(31, 22222, '(5, 5)','2015-01-01 08:19'),
(32, 22222, '(1, 5)','2015-02-11 06:19'),
(33, 22222, '(1, 5)','2015-07-21 04:16'),
(34, 12345, '(1, 5)','2015-09-01 08:46'),
(35, 88888, '(1, 5)','2015-11-01 02:24'),
(36, 12345, '(1, 5)','2015-12-21 04:12'),
(37, 88888, '(1, 5)','2015-12-25 15:11');


insert into pickup values

(7,'2013-05-01 02:12'),
(8,'2013-02-02 08:13'),
(9,'2013-05-03 03:23'),
(10,'2013-02-08 09:15'),
(11,'2013-02-09 15:16'),
(12,'2013-02-10 16:22'),
(13,'2013-02-15 08:32'),
(14,'2013-02-16 09:24'),
(15,'2013-03-03 10:19'),
(16,'2013-04-01 15:15'),
(17,'2013-05-02 10:09'),
(18,'2013-05-02 12:29'),
(19,'2014-01-01 02:23'),
(20,'2014-02-02 01:58'),
(21,'2014-03-03 06:39'),
(22,'2014-04-01 08:12'),
(23,'2014-05-12 10:13'),
(24,'2014-06-12 15:19'),
(25,'2014-07-01 20:19'),
(26,'2014-07-02 22:28'),
(27,'2014-07-03 13:33'),
(28,'2014-09-11 16:39'),
(29,'2014-09-22 18:13'),
(30,'2014-12-23 20:49'),
(31,'2015-01-01 08:22'),
(32,'2015-02-11 06:26'),
(33,'2015-07-21 04:29'),
(34,'2015-09-01 08:55'),
(35,'2015-11-01 02:33'),
(36,'2015-12-21 04:34'),
(37,'2015-12-25 15:19');


insert into dropoff values

(7,'2013-05-01 20:56'),
(8,'2013-02-02 08:59'),
(9,'2013-05-03 20:46'),
(10,'2013-02-08 09:55'),
(11,'2013-02-09 15:46'),
(12,'2013-02-10 16:52'),
(13,'2013-02-15 08:52'),
(14,'2013-02-16 09:36'),
(15,'2013-03-03 10:39'),
(16,'2013-04-01 15:38'),
(17,'2013-05-02 12:26'),
(18,'2013-05-02 23:39'),
(19,'2014-01-01 02:54'),
(20,'2014-02-02 02:58'),
(21,'2014-03-03 07:39'),
(22,'2014-04-01 09:22'),
(23,'2014-05-12 10:53'),
(24,'2014-06-12 15:49'),
(25,'2014-07-01 20:39'),
(26,'2014-07-02 22:58'),
(27,'2014-07-03 14:33'),
(28,'2014-09-11 17:39'),
(29,'2014-09-22 19:23'),
(30,'2014-12-23 20:59'),
(31,'2015-01-01 08:42'),
(32,'2015-02-11 06:56'),
(33,'2015-07-21 04:49'),
(34,'2015-09-01 09:55'),
(35,'2015-11-01 03:33'),
(36,'2015-12-21 04:54'),
(37,'2015-12-25 15:34');



insert into rates values
(3.2, .55);


insert into billed values

(7, 6.2),
(8, 5.7),
(9,55.3),
(10,23.3),
(11,15.6),
(12,100.2),
(13,5.6),
(14,7.9),
(15,15.3),
(16,16.2),
(17,17.1),
(18,19.2),
(19,25.3),
(20,226.3),
(21,73.2),
(22,123.2),
(23,55.2),
(24,456.6),
(25,12.2),
(26,12.3),
(27,13.3),
(28,192.2),
(29,1000.3),
(30,2.3),
(31,4.3),
(32,5.6),
(33,20.1),
(34,20.9),
(35,25.3),
(36,100.2),
(37,88.5);


insert into driverrating values
(7, 5);

insert into clientrating values
(7, 4);

